section,category,templates,routes,Home,Group,How owner works,Group,Group,Delivery,Our story,Careers,Leadership,Builders wanted,Press,Reviews,D,Case studies,Blog,Support,Group,Case studies pages,Group,Blog category pages,Blog pages,Group
hero.page-wrapper,HERO,1,81,,,,,x,,,,,,,,,,,,,,,,,
shell.nav-wrapper,SHELL,19,60,x,x,x,x,,x,x,x,x,,x,x,x,x,x,x,,x,x,x,x,x
shell.section-footer,SHELL,19,60,x,x,x,x,,x,x,x,x,,x,x,x,x,x,x,,x,x,x,x,x
content.section-base,CONTENT,15,56,,x,,x,,x,,x,x,,x,x,,x,x,x,,x,x,x,x,x
hero.section-cs-hero,HERO,1,18,,,,,,,,,,,,,,,,,,x,,,,
proof.section-testimonials,PROOF,4,8,x,x,,x,,x,,,,,,,,,,,,,,,,
hero.section-blog-content,HERO,1,8,,,,,,,,,,,,,,,,,,,,,x,
hero.section-legal,HERO,1,7,,,,,,,,,,,,,,,,,,,x,,,
content.section-blog-most,CONTENT,2,6,,,,,,,,,,,,,,,x,,,,,x,,
cta.section-cta,CTA,5,5,x,,x,,,,x,x,,,,,x,,,,,,,,,
hero.section-product-hero,HERO,2,5,,,,x,,x,,,,,,,,,,,,,,,,
proof.section-reviews,PROOF,3,4,x,x,,,,,,,,,,x,,,,,,,,,,
hero.section-resource,HERO,1,4,,,,,,,,,,,,,,,,,,,,,,x
proof.section-beliefs,PROOF,2,3,x,x,,,,,,,,,,,,,,,,,,,,
content.block,CONTENT,2,2,,,,,,,,,,x,,,x,,,,,,,,,
content.section-guides,CONTENT,2,2,x,,,,,x,,,,,,,,,,,,,,,,
hero.demo-control-layout,HERO,1,2,,,,,,,,,,,,,,,,,x,,,,,
shell.demo-control-header,SHELL,1,2,,,,,,,,,,,,,,,,,x,,,,,
support.form,SUPPORT,1,2,,x,,,,,,,,,,,,,,,,,,,,
content.cs-index-list,CONTENT,1,1,,,,,,,,,,,,,,x,,,,,,,,
content.eng-lp-figure-wall,CONTENT,1,1,,,,,,,,,,x,,,,,,,,,,,,
content.eng-maxwdith,CONTENT,1,1,,,,,,,,,,x,,,,,,,,,,,,
content.pres-cards-header,CONTENT,1,1,,,,,,,,,,,x,,,,,,,,,,,
content.ps,CONTENT,1,1,,,,,,,,,,,,,x,,,,,,,,,
content.roles,CONTENT,1,1,,,,,,,,x,,,,,,,,,,,,,,
content.s-d-summary-list,CONTENT,1,1,,,,,,,,,,,,,x,,,,,,,,,
content.s-d-video-box,CONTENT,1,1,,,,,,,,,,,,,x,,,,,,,,,
content.s-d-wrap,CONTENT,1,1,,,,,,,,,,,,,x,,,,,,,,,
content.section-about-how,CONTENT,1,1,,,,,,,x,,,,,,,,,,,,,,,
content.section-about-local,CONTENT,1,1,,,,,,,x,,,,,,,,,,,,,,,
content.section-about-stats,CONTENT,1,1,,,,,,,x,,,,,,,,,,,,,,,
content.section-about-vision,CONTENT,1,1,,,,,,,x,,,,,,,,,,,,,,,
content.section-blog-categories,CONTENT,1,1,,,,,,,,,,,,,,,x,,,,,,,
content.section-blog-topics,CONTENT,1,1,,,,,,,,,,,,,,,x,,,,,,,
content.section-eng-intro,CONTENT,1,1,,,,,,,,,,x,,,,,,,,,,,,
content.section-eng-row,CONTENT,1,1,,,,,,,,,,x,,,,,,,,,,,,
content.section-owner-stack,CONTENT,1,1,x,,,,,,,,,,,,,,,,,,,,,
content.section-restaurant,CONTENT,1,1,x,,,,,,,,,,,,,,,,,,,,,
content.section-s-d-about,CONTENT,1,1,,,,,,,,,,,,,x,,,,,,,,,
content.section-s-d-competition,CONTENT,1,1,,,,,,,,,,,,,x,,,,,,,,,
content.section-s-d-future,CONTENT,1,1,,,,,,,,,,,,,x,,,,,,,,,
content.section-s-d-the-problem,CONTENT,1,1,,,,,,,,,,,,,x,,,,,,,,,
content.section-s-d-why-now,CONTENT,1,1,,,,,,,,,,,,,x,,,,,,,,,
content.section-why-sticky,CONTENT,1,1,,,,,,,,,,,,,x,,,,,,,,,
content.team,CONTENT,1,1,,,,,,,,,,,,,x,,,,,,,,,
content.u-mb-40,CONTENT,1,1,,,,,,,,,,,,,x,,,,,,,,,
content.u-mb-64,CONTENT,1,1,,,,,,,,,,,,,x,,,,,,,,,
cta.section-career-cta,CTA,1,1,,,,,,,,x,,,,,,,,,,,,,,
features.section-eng-steps,FEATURES,1,1,,,,,,,,,,x,,,,,,,,,,,,
features.section-hiw-steps,FEATURES,1,1,,,x,,,,,,,,,,,,,,,,,,,
hero.cs-index-head,HERO,1,1,,,,,,,,,,,,,,x,,,,,,,,
hero.eng-section-eng-hero,HERO,1,1,,,,,,,,,,x,,,,,,,,,,,,
hero.section-about-hero,HERO,1,1,,,,,,,x,,,,,,,,,,,,,,,
hero.section-blog-hero,HERO,1,1,,,,,,,,,,,,,,,x,,,,,,,
hero.section-career-hero,HERO,1,1,,,,,,,,x,,,,,,,,,,,,,,
hero.section-center-hero,HERO,1,1,,,x,,,,,,,,,,,,,,,,,,,
hero.section-hp-hero,HERO,1,1,x,,,,,,,,,,,,,,,,,,,,,
hero.section-leadership-hero,HERO,1,1,,,,,,,,,x,,,,,,,,,,,,,
hero.section-reviews-hero,HERO,1,1,,,,,,,,,,,,x,,,,,,,,,,
hero.section-s-d-hero,HERO,1,1,,,,,,,,,,,,,x,,,,,,,,,
proof.press-cards-wrap,PROOF,1,1,,,,,,,,,,,x,,,,,,,,,,,
proof.section-stories,PROOF,1,1,x,,,,,,,,,,,,,,,,,,,,,
shell.eng-lp-footer,SHELL,1,1,,,,,,,,,,x,,,,,,,,,,,,
showcase.section-s-d-gtm,SHOWCASE,1,1,,,,,,,,,,,,,x,,,,,,,,,
support.eng-steps-faq,SUPPORT,1,1,,,,,,,,,,x,,,,,,,,,,,,
support.section-about-help,SUPPORT,1,1,,,,,,,x,,,,,,,,,,,,,,,
support.section-leaders-support,SUPPORT,1,1,,,,,,,,,x,,,,,,,,,,,,,
ROUTE COUNT,,,144,1,2,1,4,81,1,1,1,1,1,1,1,1,1,1,1,2,18,7,5,8,4